client_id,product_id,categoryname,productname,order_id,date_created,domain,server,modname,firstpayment,amount,billingcycle,next_due,status,username
1,5,Web Hosting,Coop Hosting Services,1,2013-06-20,silicatevisions.com,lynx.webhosting.coop,,0.00,0.00,Free,0000-00-00,Active,silicat
2,5,Web Hosting,Coop Hosting Services,3,2013-06-27,internetcooperatives.com,lynx.webhosting.coop,,0.00,0.00,Free,0000-00-00,Active,icoop
2,5,Web Hosting,Coop Hosting Services,7,2013-07-03,sitementors.com,lynx.webhosting.coop,,0.00,0.00,Free,0000-00-00,Active,mentors
2,106,SSL Certificates,Comodo Instant SSL,22,2013-07-29,townhall.webhosting.coop,EnomSSL,,50.00,50.00,Annually,2014-08-09,Cancelled,townhal
2,104,SSL Certificates,Comodo EV SSL,28,2013-07-30,members.webhosting.coop,EnomSSL,,200.00,200.00,Annually,2014-08-01,Terminated,brianm
2,102,SSL Certificates,Comodo Essential SSL,29,2013-07-30,internetcooperatives.com,EnomSSL,,15.00,15.00,Annually,2014-07-31,Terminated,interne
2,100,Web Hosting,WebHosting.Coop Membership,43,2013-08-12,townhall8.webhosting.coop,lynx.webhosting.coop,,0.00,0.00,Free,2013-09-12,Cancelled,th8
2,100,Web Hosting,WebHosting.Coop Membership,44,2013-08-12,webhosting.coop,lynx.webhosting.coop,,100.00,100.00,Annually,2015-08-12,Active,webhost
2,5,Web Hosting,Coop Hosting Services,49,2013-08-15,webhostinginstitute.com,lynx.webhosting.coop,,0.00,0.00,Free,0000-00-00,Active,webhosti
2,5,Web Hosting,Coop Hosting Services,81,2013-11-19,modansky.com,lynx.webhosting.coop,,50.00,50.00,Semi-Annually,2015-05-19,Active,modansk
2,100,Web Hosting,WebHosting.Coop Membership,126,2014-02-19,liveprotest.com,lynx.webhosting.coop,,100.00,100.00,Annually,2015-02-19,Cancelled,livepro
2,5,Web Hosting,Coop Hosting Services,166,2014-06-20,tosarchive.com,lynx.webhosting.coop,,0.00,0.00,Free,0000-00-00,Active,tos
2,100,Web Hosting,WebHosting.Coop Membership,179,2014-07-23,townhall.webhosting.coop,lynx.webhosting.coop,,0.00,0.00,Free,2014-08-23,Active,townhall
2,100,Web Hosting,WebHosting.Coop Membership,180,2014-07-23,dev-townhall.webhosting.coop,lynx.webhosting.coop,,0.00,0.00,Free,2014-08-23,Active,devtown
2,5,Web Hosting,Coop Hosting Services,221,2014-12-19,bannertournament.com,lynx.webhosting.coop,,0.00,0.00,Free,0000-00-00,Active,banner
3,100,Web Hosting,WebHosting.Coop Membership,21,2013-07-29,zerowastestraws.com,lynx.webhosting.coop,,0.00,100.00,Annually,2014-12-12,Terminated,buyglass
3,100,Web Hosting,WebHosting.Coop Membership,24,2013-07-29,buyhappyglass.com,lynx.webhosting.coop,,0.00,100.00,Annually,2015-12-12,Active,buyhappy
3,102,SSL Certificates,Comodo Essential SSL,36,2013-08-08,buyhappyglass.com,EnomSSL,,15.00,15.00,Annually,2015-09-07,Active,buyhapp
3,100,Web Hosting,WebHosting.Coop Membership,40,2013-08-12,buyglassblunts.com,lynx.webhosting.coop,,0.00,100.00,Annually,2015-12-12,Active,blunts
3,102,SSL Certificates,Comodo Essential SSL,61,2013-10-04,buyglassblunts.com,EnomSSL,,0.00,15.00,Annually,2014-10-04,Terminated,buyglas
3,102,SSL Certificates,Comodo Essential SSL,62,2013-10-04,buyglassnails.com,EnomSSL,,15.00,15.00,Annually,2014-10-04,Terminated,buyglas1
4,5,Web Hosting,Coop Hosting Services,32,2013-08-02,flaminghoops.com,lynx.webhosting.coop,,0.00,0.00,Free,0000-00-00,Active,flaming
5,105,SSL Certificates,Comodo Wildcard SSL,8,2013-07-11,*.webhosting.coop,EnomSSL,,79.00,79.00,Annually,2015-05-07,Active,wwwexam
5,5,Web Hosting,Coop Hosting Services,9,2013-07-16,operationbusybee.com,lynx.webhosting.coop,,0.00,0.00,Free,0000-00-00,Active,busybee
5,5,Web Hosting,Coop Hosting Services,10,2013-07-16,documentaryjunkie.com,lynx.webhosting.coop,,100.00,100.00,Annually,2015-07-16,Active,document
5,5,Web Hosting,Coop Hosting Services,26,2013-07-30,openbusinessbox.com,lynx.webhosting.coop,,0.00,0.00,Free,0000-00-00,Terminated,openbox
5,5,Web Hosting,Coop Hosting Services,27,2013-07-30,openbusinessdocs.com,lynx.webhosting.coop,,0.00,0.00,Free,0000-00-00,Cancelled,opendocs
5,5,Web Hosting,Coop Hosting Services,41,2013-08-12,throwoutyourseeds.com,lynx.webhosting.coop,,0.00,0.00,Free,2013-09-12,Terminated,throwout
5,5,Web Hosting,Coop Hosting Services,42,2013-08-12,freeideaproject.com,lynx.webhosting.coop,,0.00,0.00,Free,2013-09-12,Terminated,ideacorp
5,5,Web Hosting,Coop Hosting Services,46,2013-08-12,zenjunkies.com,lynx.webhosting.coop,,0.00,0.00,Free,2013-09-12,Active,zenj
5,5,Web Hosting,Coop Hosting Services,47,2013-08-12,proactivestoner.com,lynx.webhosting.coop,,0.00,0.00,Free,2013-09-12,Active,pro
5,100,Web Hosting,WebHosting.Coop Membership,74,2013-11-10,openbusinessbox.com,lynx.webhosting.coop,,0.00,100.00,Annually,2015-01-01,Cancelled,openbox
5,102,SSL Certificates,Comodo Essential SSL,91,2013-11-28,51in52.com,EnomSSL,,15.00,15.00,Annually,2014-11-28,Cancelled,inc
5,100,Web Hosting,WebHosting.Coop Membership,95,2013-11-28,finallpasslogtodomain.com,lynx.webhosting.coop,,100.00,100.00,Annually,2014-11-28,Cancelled,finallp
5,100,Web Hosting,WebHosting.Coop Membership,178,2014-07-23,coops.name,lynx.webhosting.coop,,0.00,100.00,Annually,2016-01-01,Active,coopname
8,5,Web Hosting,Coop Hosting Services,31,2013-08-02,georgetownmemorialcemetery.org,lynx.webhosting.coop,,0.00,100.00,Annually,2015-08-02,Active,georget
9,5,Web Hosting,Coop Hosting Services,33,2013-08-02,leto.net,lynx.webhosting.coop,,0.00,0.00,Free,0000-00-00,Active,letonet
20,5,Web Hosting,Coop Hosting Services,50,2013-08-20,dispensarypay.com,lynx.webhosting.coop,,0.00,100.00,Annually,2015-10-20,Active,dpay
22,5,Web Hosting,Coop Hosting Services,51,2013-08-26,chadfishercomedy.com,lynx.webhosting.coop,,0.00,100.00,Annually,2015-08-26,Active,comedy
24,5,Web Hosting,Coop Hosting Services,54,2013-09-02,bigwillthekid.com,lynx.webhosting.coop,,0.00,0.00,Free,0000-00-00,Active,bigwill
25,100,Web Hosting,WebHosting.Coop Membership,58,2013-09-04,kyleadair.com,lynx.webhosting.coop,,0.00,100.00,Annually,2015-09-04,Active,kyle
28,5,Web Hosting,Coop Hosting Services,60,2013-09-28,hempgrowersassociation.com,lynx.webhosting.coop,,0.00,0.00,Free,0000-00-00,Active,hemp
29,100,Web Hosting,WebHosting.Coop Membership,63,2013-10-07,villanoche.com,lynx.webhosting.coop,,0.00,100.00,Annually,2015-10-07,Active,villa
29,100,Web Hosting,WebHosting.Coop Membership,163,2014-06-10,sanjuanbeachhouse.com,lynx.webhosting.coop,,0.00,100.00,Annually,2015-06-10,Terminated,sanjuan
29,100,Web Hosting,WebHosting.Coop Membership,165,2014-06-18,traintexasbasketball.com,lynx.webhosting.coop,,0.00,100.00,Annually,2015-06-18,Terminated,train
30,5,Web Hosting,Coop Hosting Services,64,2013-10-08,amandalittle.net,lynx.webhosting.coop,,0.00,0.00,Free,0000-00-00,Cancelled,amanda
31,5,Web Hosting,Coop Hosting Services,65,2013-10-11,austinbees.com,lynx.webhosting.coop,,0.00,0.00,Free,0000-00-00,Active,atxbees
32,5,Web Hosting,Coop Hosting Services,27,2013-07-30,freeideaproject.org,lynx.webhosting.coop,,0.00,0.00,Free,0000-00-00,Active,freeidea
32,100,Web Hosting,WebHosting.Coop Membership,68,2013-10-25,beerisfreeproject.org,lynx.webhosting.coop,,100.00,100.00,Annually,2015-10-25,Active,freebeer
32,100,Web Hosting,WebHosting.Coop Membership,109,2013-12-23,mylasercat.com,lynx.webhosting.coop,,0.00,100.00,Annually,2015-12-23,Active,mylaser
32,100,Web Hosting,WebHosting.Coop Membership,113,2014-01-27,foodisfreeproject.org,lynx.webhosting.coop,,100.00,100.00,Annually,2015-01-27,Active,fif
38,100,Web Hosting,WebHosting.Coop Membership,79,2013-11-14,prestonbezant.com,lynx.webhosting.coop,,0.00,100.00,Annually,2015-11-14,Active,preston
39,102,SSL Certificates,Comodo Essential SSL,74,2013-11-10,texasnorml.org,EnomSSL,,15.00,15.00,Annually,2014-12-28,Terminated,openbus1
39,100,Web Hosting,WebHosting.Coop Membership,80,2013-11-14,texasnorml.org,lynx.webhosting.coop,,0.00,100.00,Annually,2016-01-01,Active,txnorml
39,102,SSL Certificates,Comodo Essential SSL,116,2014-02-03,texasnorml.org,EnomSSL,,0.00,15.00,Annually,2014-12-28,Terminated,texasno
39,100,Web Hosting,WebHosting.Coop Membership,152,2014-05-18,forums.texasnorml.org,lynx.webhosting.coop,,100.00,100.00,Annually,2015-05-18,Active,txnforum
40,100,Web Hosting,WebHosting.Coop Membership,82,2013-11-25,permablitztexas.org,lynx.webhosting.coop,,0.00,100.00,Annually,2015-09-25,Active,permabl
41,100,Web Hosting,WebHosting.Coop Membership,83,2013-11-26,wanderingblacksmith.com,lynx.webhosting.coop,,50.00,50.00,Semi-Annually,2014-05-26,Cancelled,wanderi
41,100,Web Hosting,WebHosting.Coop Membership,104,2013-12-31,webtechhq.com,lynx.webhosting.coop,,100.00,100.00,Annually,2015-12-31,Active,wthq
41,100,Web Hosting,WebHosting.Coop Membership,181,2014-07-23,wanderingblacksmith.com,lynx.webhosting.coop,,0.00,0.00,Free,2014-08-23,Active,wanderi
41,100,Web Hosting,WebHosting.Coop Membership,182,2014-07-23,outofseasonvalentines.com,lynx.webhosting.coop,,0.00,0.00,Free,2014-08-23,Active,outofsea
42,100,Web Hosting,WebHosting.Coop Membership,84,2013-11-26,51in52.com,lynx.webhosting.coop,,50.00,50.00,Semi-Annually,2015-05-26,Active,boondock
42,100,Web Hosting,WebHosting.Coop Membership,160,2014-05-31,localpatchwork.org,lynx.webhosting.coop,,100.00,100.00,Annually,2015-05-31,Active,localpa
44,100,Web Hosting,WebHosting.Coop Membership,96,2013-12-01,diatoniclabs.net,lynx.webhosting.coop,,100.00,100.00,Annually,2015-12-01,Active,diatoni
45,100,Web Hosting,WebHosting.Coop Membership,97,2013-12-01,ploddingcomedy.com,lynx.webhosting.coop,,100.00,100.00,Annually,2015-12-01,Active,plodding
46,100,Web Hosting,WebHosting.Coop Membership,99,2013-12-03,houstonnorml.org,lynx.webhosting.coop,,0.00,100.00,Annually,2015-12-03,Active,htxnorml
53,100,Web Hosting,WebHosting.Coop Membership,107,2014-01-19,charitablehumans.org,lynx.webhosting.coop,,100.00,100.00,Annually,2015-01-19,Active,charita
53,105,SSL Certificates,Comodo Wildcard SSL,204,2014-10-01,charitablehumans.org,EnomSSL,,100.00,100.00,Annually,2015-10-01,Cancelled,charita1
54,100,Web Hosting,WebHosting.Coop Membership,112,2014-01-25,multimediapartners.info,lynx.webhosting.coop,,100.00,100.00,Annually,2015-01-26,Active,multime
55,100,Web Hosting,WebHosting.Coop Membership,114,2014-01-28,austinvinotasting.com,lynx.webhosting.coop,,100.00,100.00,Annually,2015-01-28,Active,austinv
56,100,Web Hosting,WebHosting.Coop Membership,117,2014-02-03,lovecateringevents.com,lynx.webhosting.coop,,0.00,100.00,Annually,2015-02-03,Active,love
56,100,Web Hosting,WebHosting.Coop Membership,147,2014-05-08,lovepoker.info,lynx.webhosting.coop,,0.00,100.00,Annually,2015-05-08,Active,poker
56,124,SSL Certificates,GeoTrust RapidSSL,148,2014-05-08,lovepoker.info,EnomSSL,,20.00,20.00,Annually,2015-05-11,Active,wwwlove
56,100,Web Hosting,WebHosting.Coop Membership,172,2014-06-28,giveplaywin.info,lynx.webhosting.coop,,0.00,100.00,Annually,2016-01-01,Active,give
57,100,Web Hosting,WebHosting.Coop Membership,123,2014-02-09,northhoustonnorml.org,lynx.webhosting.coop,,100.00,100.00,Annually,2015-02-09,Active,northho
58,100,Web Hosting,WebHosting.Coop Membership,124,2014-02-11,mcef.coop,lynx.webhosting.coop,,100.00,100.00,Annually,2015-02-11,Active,mcefcoo
59,100,Web Hosting,WebHosting.Coop Membership,125,2014-02-16,atsunrise.com,lynx.webhosting.coop,,100.00,100.00,Annually,2015-02-16,Active,atsunri
61,100,Web Hosting,WebHosting.Coop Membership,128,2014-03-03,beyondseeing.net,lynx.webhosting.coop,,100.00,100.00,Annually,2015-03-03,Active,beyonds
63,100,Web Hosting,WebHosting.Coop Membership,132,2014-03-06,seennit.com,lynx.webhosting.coop,,0.00,100.00,Annually,2015-03-06,Active,seen
66,100,Web Hosting,WebHosting.Coop Membership,135,2014-03-19,cooperativefermentation.org,lynx.webhosting.coop,,100.00,100.00,Annually,2015-03-19,Active,coopera1
68,100,Web Hosting,WebHosting.Coop Membership,138,2014-03-28,dogersunite.com,lynx.webhosting.coop,,100.00,100.00,Annually,2015-03-28,Active,dogersu
69,100,Web Hosting,WebHosting.Coop Membership,136,2014-03-25,weelittletree.com,lynx.webhosting.coop,,100.00,100.00,Annually,2015-03-25,Active,weelitt
70,100,Web Hosting,WebHosting.Coop Membership,137,2014-03-26,normlcc.org,lynx.webhosting.coop,,100.00,100.00,Annually,2015-03-26,Active,normlcc
71,100,Web Hosting,WebHosting.Coop Membership,139,2014-03-28,ggbaileyartwork.com,lynx.webhosting.coop,,100.00,100.00,Annually,2015-03-29,Active,bailey
74,100,Web Hosting,WebHosting.Coop Membership,142,2014-04-02,clchamberlain.com,lynx.webhosting.coop,,100.00,100.00,Annually,2015-04-02,Active,clchamb
77,100,Web Hosting,WebHosting.Coop Membership,144,2014-05-06,kombuchamane.com,lynx.webhosting.coop,,100.00,100.00,Annually,2015-05-06,Active,kombuch
79,100,Web Hosting,WebHosting.Coop Membership,149,2014-05-09,montanacouncil.coop,lynx.webhosting.coop,,100.00,100.00,Annually,2015-08-06,Active,montana
80,100,Web Hosting,WebHosting.Coop Membership,150,2014-05-13,alchemicalnursery.org,lynx.webhosting.coop,,100.00,100.00,Annually,2015-05-13,Active,alchem
82,100,Web Hosting,WebHosting.Coop Membership,153,2014-05-20,gardenfly.com,lynx.webhosting.coop,,100.00,100.00,Annually,2015-05-20,Active,gardenf
85,100,Web Hosting,WebHosting.Coop Membership,168,2014-06-23,provincialprotection.ca,lynx.webhosting.coop,,100.00,100.00,Annually,2015-06-23,Active,protection
85,100,Web Hosting,WebHosting.Coop Membership,169,2014-06-24,cycleswap.ca,lynx.webhosting.coop,,0.00,100.00,Annually,2015-06-24,Active,cycles
87,100,Web Hosting,WebHosting.Coop Membership,175,2014-07-18,danehurt.com,lynx.webhosting.coop,,100.00,100.00,Annually,2015-07-18,Terminated,danehur
91,5,Web Hosting,Coop Hosting Services,183,2014-07-23,bitcoin.coop,lynx.webhosting.coop,,0.00,0.00,Free,2014-08-23,Cancelled,bitcoin
91,5,Web Hosting,Coop Hosting Services,184,2014-07-23,vps.coop,lynx.webhosting.coop,,0.00,0.00,Free,2014-08-23,Terminated,vps
91,5,Web Hosting,Coop Hosting Services,185,2014-07-23,foundation.webhosting.coop,lynx.webhosting.coop,,0.00,0.00,Free,2014-08-23,Active,found
94,100,Web Hosting,WebHosting.Coop Membership,187,2014-08-06,robgreenfield.tv,lynx.webhosting.coop,,100.00,100.00,Annually,2015-11-06,Active,greenfj3
95,100,Web Hosting,WebHosting.Coop Membership,188,2014-08-07,funnyfarmind.com,lynx.webhosting.coop,,100.00,100.00,Annually,2015-08-07,Active,funnyfar
96,100,Web Hosting,WebHosting.Coop Membership,195,2014-08-21,neoarchaicrevue.com,lynx.webhosting.coop,,100.00,100.00,Annually,2015-08-21,Active,neoarch
97,100,Web Hosting,WebHosting.Coop Membership,197,2014-08-25,freshability.com,lynx.webhosting.coop,,100.00,100.00,Annually,2015-08-25,Active,fresh
102,100,Web Hosting,WebHosting.Coop Membership,202,2014-09-21,gbb.coop,lynx.webhosting.coop,,100.00,100.00,Annually,2015-09-21,Active,gbbcoop
104,100,Web Hosting,WebHosting.Coop Membership,209,2014-10-27,setxnorml.org,lynx.webhosting.coop,,100.00,100.00,Annually,2015-10-27,Active,setxnor
106,100,Web Hosting,WebHosting.Coop Membership,212,2014-11-19,ateliercoloc.net,lynx.webhosting.coop,,100.00,100.00,Annually,2015-11-24,Active,atelier
109,100,Web Hosting,WebHosting.Coop Membership,219,2014-12-14,freshwaterfarmers.com,lynx.webhosting.coop,,100.00,100.00,Annually,2015-12-16,Active,freshwa
109,102,SSL Certificates,Comodo Essential SSL,219,2014-12-14,freshwaterfarmers.com,EnomSSL,,25.00,25.00,Annually,2015-12-14,Active,freshwa
110,100,Web Hosting,WebHosting.Coop Membership,223,2015-01-06,freeideaproject.org,lynx.webhosting.coop,,100.00,100.00,Annually,2016-01-07,Suspended,freeidea